hessian,prompt,pos,token,is_sink,znorm,r_sq,amp,pred_ratio,cos_pred
full,0,0,<s>,1,798.839,18.3954,0.00536902,0.995249,0.999997
full,0,1,<s>,1,798.839,18.3954,0.00536902,0.995249,0.999997
full,0,2,[INST],0,1.1873,6.67449,2.17594,1.99006,0.0566843
full,0,3,▁Write,0,0.810012,2.31817,1.87967,1.56331,-0.0285375
full,0,4,▁a,0,1.20638,1.65951,1.06784,0.446333,0.0660239
full,0,5,▁,0,34.6283,3283.15,1.65468,2.6395,0.990524
full,0,6,3,0,0.769042,0.559044,0.972239,0.185892,0.240211
full,0,7,0,0,0.914215,0.895363,1.03503,0.190581,-0.0917135
full,1,0,<s>,1,798.841,19.4493,0.00552066,0.995073,0.999997
full,1,1,<s>,1,798.841,19.4493,0.00552066,0.995073,0.999997
full,1,2,[INST],0,1.182,6.8505,2.21433,2.03113,0.0547045
full,1,3,▁I,0,0.830184,14.6445,4.60959,4.40695,-0.0938435
full,1,4,▁am,0,0.867862,2.65229,1.87655,1.58153,-0.00637832
full,1,5,▁planning,0,1.02301,1.22213,1.08064,0.445114,0.0340875
full,1,6,▁a,0,1.09974,3.72483,1.75494,1.44211,-4.01518e-05
full,1,7,▁trip,0,0.871465,0.89346,1.08464,0.553109,0.117043
full,2,0,<s>,1,798.841,19.4493,0.00552066,0.995073,0.999997
full,2,1,<s>,1,798.841,19.4493,0.00552066,0.995073,0.999997
full,2,2,[INST],0,1.182,6.8505,2.21433,2.03113,0.0547045
full,2,3,▁Write,0,0.810876,2.22188,1.83825,1.5147,-0.0280167
full,2,4,▁a,0,1.20936,1.5557,1.03135,0.349597,0.083705
full,2,5,▁resume,0,1.3034,4.92767,1.70311,1.38132,0.0027081
full,2,6,▁for,0,1.00182,16.3287,4.03355,3.53561,-0.391585
full,2,7,▁a,0,0.940732,2.85398,1.7958,1.52948,0.0373997
full,3,0,<s>,1,798.837,24.2842,0.00616885,0.994327,0.999997
full,3,1,<s>,1,798.837,24.2842,0.00616885,0.994327,0.999997
full,3,2,[INST],0,1.18766,6.67441,2.17527,1.98931,0.0566864
full,3,3,▁Write,0,0.809749,2.27997,1.86472,1.54632,-0.0278305
full,3,4,▁an,0,1.16752,1.75687,1.13529,0.581622,0.0424744
full,3,5,▁email,0,0.926756,0.881445,1.01305,0.172422,0.01001
full,3,6,▁to,0,1.31899,29.8863,4.14471,3.6064,-0.439843
full,3,7,▁my,0,0.867977,4.54683,2.45667,2.22453,-0.0194816
full,4,0,<s>,1,798.841,19.4493,0.00552066,0.995073,0.999997
full,4,1,<s>,1,798.841,19.4493,0.00552066,0.995073,0.999997
full,4,2,[INST],0,1.182,6.8505,2.21433,2.03113,0.0547045
full,4,3,▁Given,0,0.873692,2.22705,1.70807,1.3772,-0.00755922
full,4,4,▁the,0,0.988753,1.90639,1.39643,0.98449,0.00975729
full,4,5,▁sentence,0,0.95495,1.36302,1.22256,0.717899,0.0144345
full,4,6,"▁""",0,1.00864,1.17294,1.07375,0.393213,0.00214352
full,4,7,Two,0,0.773136,1.40707,1.53427,1.09976,-0.065706
full,5,0,<s>,1,798.837,24.7065,0.00622225,0.994272,0.999997
full,5,1,<s>,1,798.837,24.7065,0.00622225,0.994272,0.999997
full,5,2,[INST],0,1.18733,6.67492,2.17596,1.98989,0.056493
full,5,3,▁Write,0,0.809892,2.21865,1.83915,1.51695,-0.0268114
full,5,4,▁a,0,1.2107,1.68599,1.07249,0.457206,0.0643129
full,5,5,▁dialogue,0,0.811822,2.67062,2.01301,1.54378,-0.216653
full,5,6,▁between,0,1.01839,1.30309,1.12092,0.512012,0.00555913
full,5,7,▁two,0,0.81387,0.75931,1.07067,0.439065,0.0528962
full,6,0,<s>,1,798.841,19.4493,0.00552066,0.995073,0.999997
full,6,1,<s>,1,798.841,19.4493,0.00552066,0.995073,0.999997
full,6,2,[INST],0,1.182,6.8505,2.21433,2.03113,0.0547045
full,6,3,▁Write,0,0.810876,2.22188,1.83825,1.5147,-0.0280167
full,6,4,▁a,0,1.20936,1.5557,1.03135,0.349597,0.083705
full,6,5,▁,0,34.6207,3238.16,1.64366,2.62867,0.990665
full,6,6,2,0,0.66452,0.432089,0.989186,0.338164,0.200887
full,6,7,▁paragraph,0,1.06195,1.21248,1.03689,0.324415,0.0464018
full,7,0,<s>,1,798.841,19.4493,0.00552066,0.995073,0.999997
full,7,1,<s>,1,798.841,19.4493,0.00552066,0.995073,0.999997
full,7,2,[INST],0,1.182,6.8505,2.21433,2.03113,0.0547045
full,7,3,▁Write,0,0.810876,2.22188,1.83825,1.5147,-0.0280167
full,7,4,▁me,0,1.30297,1.94283,1.06975,0.377675,-0.00229014
full,7,5,▁a,0,0.901886,3.92562,2.19686,1.97652,0.0203429
full,7,6,▁resume,0,1.29906,5.08428,1.73574,1.42136,0.00262664
full,7,7,▁for,0,0.928559,8.76311,3.18801,2.70162,-0.345099
full,8,0,<s>,1,798.841,19.5563,0.00553584,0.995057,0.999997
full,8,1,<s>,1,798.841,19.5563,0.00553584,0.995057,0.999997
full,8,2,[INST],0,1.18265,6.86101,2.21481,2.03159,0.0546272
full,8,3,▁Write,0,0.810599,2.24809,1.8497,1.52917,-0.0271455
full,8,4,▁a,0,1.20847,1.61669,1.05215,0.408099,0.0729408
full,8,5,▁letter,0,0.86973,1.6427,1.47365,0.995987,-0.0901879
full,8,6,▁to,0,1.51329,82.8899,6.01629,5.47363,-0.478209
full,8,7,▁a,0,0.926528,2.45567,1.69132,1.37799,0.0138948
full,9,0,<s>,1,798.841,19.4493,0.00552066,0.995073,0.999997
full,9,1,<s>,1,798.841,19.4493,0.00552066,0.995073,0.999997
full,9,2,[INST],0,1.182,6.8505,2.21433,2.03113,0.0547045
full,9,3,▁Write,0,0.810876,2.22188,1.83825,1.5147,-0.0280167
full,9,4,▁a,0,1.20936,1.5557,1.03135,0.349597,0.083705
full,9,5,▁long,0,0.987703,2.44301,1.58247,1.27461,0.047237
full,9,6,▁email,0,0.950059,0.909804,1.00398,0.0824584,-0.00708436
full,9,7,▁template,0,1.00865,10.2041,3.16699,2.75048,-0.266265
full,10,0,<s>,1,798.841,19.5563,0.00553584,0.995057,0.999997
full,10,1,<s>,1,798.841,19.5563,0.00553584,0.995057,0.999997
full,10,2,[INST],0,1.18265,6.86101,2.21481,2.03159,0.0546272
full,10,3,▁Write,0,0.810599,2.24809,1.8497,1.52917,-0.0271455
full,10,4,▁a,0,1.20847,1.61669,1.05215,0.408099,0.0729408
full,10,5,▁blog,0,0.85959,0.904167,1.1062,0.59377,0.108535
full,10,6,▁post,0,1.34619,1.83033,1.00498,0.104872,0.00481529
full,10,7,▁with,0,1.14989,21.437,4.02647,3.47927,-0.446521
full,11,0,<s>,1,798.841,19.4493,0.00552066,0.995073,0.999997
full,11,1,<s>,1,798.841,19.4493,0.00552066,0.995073,0.999997
full,11,2,[INST],0,1.182,6.8505,2.21433,2.03113,0.0547045
full,11,3,▁Can,0,0.871078,0.745645,0.991309,0.174447,0.136827
full,11,4,▁you,0,1.36397,2.45324,1.14832,0.635933,0.0674291
full,11,5,▁help,0,1.08453,1.27246,1.04011,0.35041,0.0584343
full,11,6,▁me,0,1.35491,6.88545,1.93667,1.64045,-0.0181701
full,11,7,▁make,0,0.827941,3.46755,2.24912,2.01093,-0.00365559
full,12,0,<s>,1,798.841,19.4493,0.00552066,0.995073,0.999997
full,12,1,<s>,1,798.841,19.4493,0.00552066,0.995073,0.999997
full,12,2,[INST],0,1.182,6.8505,2.21433,2.03113,0.0547045
full,12,3,▁Write,0,0.810876,2.22188,1.83825,1.5147,-0.0280167
full,12,4,▁a,0,1.20936,1.5557,1.03135,0.349597,0.083705
full,12,5,▁story,0,0.942665,0.918229,1.01652,0.141688,-0.0467483
full,12,6,▁of,0,1.27378,3.20977,1.4065,0.850302,-0.150088
full,12,7,▁exactly,0,0.877724,1.54525,1.41626,1.05698,0.0527063
full,13,0,<s>,1,798.841,19.4493,0.00552066,0.995073,0.999997
full,13,1,<s>,1,798.841,19.4493,0.00552066,0.995073,0.999997
full,13,2,[INST],0,1.182,6.8505,2.21433,2.03113,0.0547045
full,13,3,▁Write,0,0.810876,2.22188,1.83825,1.5147,-0.0280167
full,13,4,▁a,0,1.20936,1.5557,1.03135,0.349597,0.083705
full,13,5,▁detailed,0,0.944615,3.27255,1.91509,1.67642,0.0425945
full,13,6,▁review,0,0.876882,1.10375,1.1981,0.80764,0.134236
full,13,7,▁of,0,1.34309,22.9071,3.56353,3.03238,-0.412782
full,14,0,<s>,1,798.841,19.5563,0.00553584,0.995057,0.999997
full,14,1,<s>,1,798.841,19.5563,0.00553584,0.995057,0.999997
full,14,2,[INST],0,1.18265,6.86101,2.21481,2.03159,0.0546272
full,14,3,▁Write,0,0.810599,2.24809,1.8497,1.52917,-0.0271455
full,14,4,▁a,0,1.20847,1.61669,1.05215,0.408099,0.0729408
full,14,5,▁short,0,0.844046,0.789916,1.05299,0.219993,-0.137256
full,14,6,▁blog,0,1.00224,1.03933,1.0172,0.13669,-0.0585733
full,14,7,▁post,0,1.30643,1.83924,1.03809,0.283062,0.00442244
full,15,0,<s>,1,798.841,19.4493,0.00552066,0.995073,0.999997
full,15,1,<s>,1,798.841,19.4493,0.00552066,0.995073,0.999997
full,15,2,[INST],0,1.182,6.8505,2.21433,2.03113,0.0547045
full,15,3,▁Please,0,0.877935,13.8581,4.24024,4.00839,-0.113813
full,15,4,▁provide,0,0.964978,1.31895,1.19014,0.654567,0.0091886
full,15,5,▁the,0,1.01595,1.01939,0.993792,0.28421,0.163879
full,15,6,▁names,0,0.915923,1.65388,1.40408,1.05857,0.0704331
full,15,7,▁of,0,1.3249,7.08179,2.00858,1.53099,-0.225493
full,16,0,<s>,1,798.841,19.4493,0.00552066,0.995073,0.999997
full,16,1,<s>,1,798.841,19.4493,0.00552066,0.995073,0.999997
full,16,2,[INST],0,1.182,6.8505,2.21433,2.03113,0.0547045
full,16,3,▁What,0,0.833373,3.46528,2.23372,2.03002,0.0323812
full,16,4,▁is,0,1.2865,2.56415,1.24469,0.803922,0.0603542
full,16,5,▁a,0,1.20216,3.73077,1.6067,1.25819,0.00061756
full,16,6,▁name,0,0.969717,1.34121,1.19427,0.601618,-0.0534718
full,16,7,▁that,0,1.0165,12.7475,3.5124,2.99503,-0.395106
full,17,0,<s>,1,798.841,19.4493,0.00552066,0.995073,0.999997
full,17,1,<s>,1,798.841,19.4493,0.00552066,0.995073,0.999997
full,17,2,[INST],0,1.182,6.8505,2.21433,2.03113,0.0547045
full,17,3,▁Write,0,0.810876,2.22188,1.83825,1.5147,-0.0280167
full,17,4,▁two,0,0.949121,0.955441,1.02986,0.304485,0.0526964
full,17,5,▁jokes,0,1.17526,62.3915,6.72092,6.1748,-0.489289
full,17,6,▁about,0,0.900682,1.51137,1.36494,0.934965,0.00593574
full,17,7,▁rock,0,0.760342,1.60839,1.66796,1.10235,-0.257141
full,18,0,<s>,1,798.841,19.5563,0.00553584,0.995057,0.999997
full,18,1,<s>,1,798.841,19.5563,0.00553584,0.995057,0.999997
full,18,2,[INST],0,1.18265,6.86101,2.21481,2.03159,0.0546272
full,18,3,▁Are,0,0.926351,2.6958,1.77243,1.47053,0.00712445
full,18,4,▁h,0,0.770735,1.13422,1.3818,1.0795,0.118555
full,18,5,amb,0,1.13647,2.35336,1.34986,0.759682,-0.161249
full,18,6,urg,0,1.28163,2.81627,1.30941,0.890324,0.0438727
full,18,7,ers,0,1.48218,23.5053,3.271,2.86772,-0.257291
full,19,0,<s>,1,798.841,19.4493,0.00552066,0.995073,0.999997
full,19,1,<s>,1,798.841,19.4493,0.00552066,0.995073,0.999997
full,19,2,[INST],0,1.182,6.8505,2.21433,2.03113,0.0547045
full,19,3,▁make,0,0.884427,1.36013,1.31864,0.883211,0.0233465
full,19,4,▁a,0,1.15077,1.72232,1.14042,0.568116,0.0195263
full,19,5,▁twe,0,0.762929,2.22753,1.95626,1.76,0.0768884
full,19,6,et,0,0.910369,2.43874,1.7154,1.29063,-0.107259
full,19,7,▁for,0,1.13268,38.7367,5.49485,4.91541,-0.511873
full,20,0,<s>,1,798.841,19.4493,0.00552066,0.995073,0.999997
full,20,1,<s>,1,798.841,19.4493,0.00552066,0.995073,0.999997
full,20,2,[INST],0,1.182,6.8505,2.21433,2.03113,0.0547045
full,20,3,▁Write,0,0.810876,2.22188,1.83825,1.5147,-0.0280167
full,20,4,▁a,0,1.20936,1.5557,1.03135,0.349597,0.083705
full,20,5,▁poem,0,1.13141,2.50816,1.39977,0.966649,-0.0129056
full,20,6,▁about,0,0.996406,2.46158,1.5746,1.23667,0.0202065
full,20,7,▁how,0,0.950346,4.19966,2.15638,1.91746,0.00695328
full,21,0,<s>,1,798.841,19.4493,0.00552066,0.995073,0.999997
full,21,1,<s>,1,798.841,19.4493,0.00552066,0.995073,0.999997
full,21,2,[INST],0,1.182,6.8505,2.21433,2.03113,0.0547045
full,21,3,▁Given,0,0.873692,2.22705,1.70807,1.3772,-0.00755922
full,21,4,▁the,0,0.988753,1.90639,1.39643,0.98449,0.00975729
full,21,5,▁sentence,0,0.95495,1.36302,1.22256,0.717899,0.0144345
full,21,6,"▁""",0,1.00864,1.17294,1.07375,0.393213,0.00214352
full,21,7,It,0,0.74624,0.821886,1.21486,0.726141,0.0353857
full,22,0,<s>,1,798.839,18.3954,0.00536902,0.995249,0.999997
full,22,1,<s>,1,798.839,18.3954,0.00536902,0.995249,0.999997
full,22,2,[INST],0,1.1873,6.67449,2.17594,1.99006,0.0566843
full,22,3,▁Write,0,0.810012,2.31817,1.87967,1.56331,-0.0285375
full,22,4,▁a,0,1.20638,1.65951,1.06784,0.446333,0.0660239
full,22,5,▁short,0,0.84363,0.778936,1.04616,0.211499,-0.117545
full,22,6,▁startup,0,0.972564,1.45607,1.24072,0.632921,-0.109643
full,22,7,▁pitch,0,0.89306,0.810321,1.00797,0.1065,-0.0218877
full,23,0,<s>,1,798.841,19.5563,0.00553584,0.995057,0.999997
full,23,1,<s>,1,798.841,19.5563,0.00553584,0.995057,0.999997
full,23,2,[INST],0,1.18265,6.86101,2.21481,2.03159,0.0546272
full,23,3,▁Write,0,0.810599,2.24809,1.8497,1.52917,-0.0271455
full,23,4,▁a,0,1.20847,1.61669,1.05215,0.408099,0.0729408
full,23,5,▁logic,0,0.99366,1.7372,1.32644,0.851419,-0.0202737
full,23,6,▁qu,0,0.975759,4.40388,2.15068,1.85791,-0.0467165
full,23,7,iz,0,1.51332,2.31028,1.00439,0.100268,0.00626658
full,24,0,<s>,1,798.841,19.5563,0.00553584,0.995057,0.999997
full,24,1,<s>,1,798.841,19.5563,0.00553584,0.995057,0.999997
full,24,2,[INST],0,1.18265,6.86101,2.21481,2.03159,0.0546272
full,24,3,▁Write,0,0.810599,2.24809,1.8497,1.52917,-0.0271455
full,24,4,▁a,0,1.20847,1.61669,1.05215,0.408099,0.0729408
full,24,5,▁,0,34.6264,3387.05,1.68075,2.66551,0.990436
full,24,6,4,0,0.763138,0.641202,1.04929,0.295279,-0.0233914
full,24,7,▁section,0,1.00946,1.83071,1.34036,0.892299,-0.000211287
full,25,0,<s>,1,798.841,19.4493,0.00552066,0.995073,0.999997
full,25,1,<s>,1,798.841,19.4493,0.00552066,0.995073,0.999997
full,25,2,[INST],0,1.182,6.8505,2.21433,2.03113,0.0547045
full,25,3,▁Write,0,0.810876,2.22188,1.83825,1.5147,-0.0280167
full,25,4,▁the,0,1.18408,1.36679,0.98735,0.142969,0.159407
full,25,5,▁lyrics,0,0.901713,0.902072,1.0533,0.263978,-0.0753051
full,25,6,▁to,0,1.13664,18.8537,3.82011,3.22981,-0.489437
full,25,7,▁a,0,0.794482,2.36075,1.93393,1.67113,0.015732
full,26,0,<s>,1,798.841,19.4493,0.00552066,0.995073,0.999997
full,26,1,<s>,1,798.841,19.4493,0.00552066,0.995073,0.999997
full,26,2,[INST],0,1.182,6.8505,2.21433,2.03113,0.0547045
full,26,3,▁Expl,0,0.841605,3.13142,2.10263,1.78309,-0.0677572
full,26,4,ain,0,1.06772,3.41278,1.7302,1.40039,-0.0116117
full,26,5,▁in,0,1.33382,32.5228,4.27559,3.80571,-0.367511
full,26,6,▁French,0,1.01381,15.8999,3.93316,3.60798,-0.201249
full,26,7,▁why,0,0.867337,2.70766,1.89718,1.59914,-0.0131513
full,27,0,<s>,1,798.839,20.1712,0.0056222,0.994962,0.999997
full,27,1,<s>,1,798.839,20.1712,0.0056222,0.994962,0.999997
full,27,2,[INST],0,1.18106,6.81145,2.20977,2.02604,0.0547249
full,27,3,▁Write,0,0.810378,2.21245,1.83548,1.51142,-0.0279858
full,27,4,▁a,0,1.20993,1.5875,1.04135,0.379112,0.0782312
full,27,5,▁funny,0,0.966136,7.28178,2.79306,2.60999,0.00208185
full,27,6,▁ha,0,1.03599,1.08642,1.00611,0.222307,0.0835949
full,27,7,iku,0,1.49117,2.44259,1.04809,0.293248,-0.0213051
full,28,0,<s>,1,798.837,24.2842,0.00616885,0.994327,0.999997
full,28,1,<s>,1,798.837,24.2842,0.00616885,0.994327,0.999997
full,28,2,[INST],0,1.18766,6.67441,2.17527,1.98931,0.0566864
full,28,3,▁R,0,0.782842,2.43896,1.99493,1.69562,-0.030853
full,28,4,ew,0,1.49334,51.0829,4.78608,4.37162,-0.319728
full,28,5,rite,0,3.8818,51.4933,1.8486,2.62895,0.854722
full,28,6,▁the,0,1.02442,1.03879,0.994912,0.234663,0.138958
full,28,7,▁following,0,0.924682,1.24542,1.20688,0.708365,0.0319118
full,29,0,<s>,1,798.841,19.4493,0.00552066,0.995073,0.999997
full,29,1,<s>,1,798.841,19.4493,0.00552066,0.995073,0.999997
full,29,2,[INST],0,1.182,6.8505,2.21433,2.03113,0.0547045
full,29,3,▁What,0,0.833373,3.46528,2.23372,2.03002,0.0323812
full,29,4,▁are,0,1.50618,2.37171,1.02248,0.301772,0.0755689
full,29,5,▁the,0,1.18207,3.57058,1.59854,1.23669,-0.0104913
full,29,6,▁advantages,0,1.14381,27.4963,4.58439,4.07422,-0.419393
full,29,7,▁and,0,2.32853,285.374,7.25479,7.87369,0.658077
full,30,0,<s>,1,798.841,19.4493,0.00552066,0.995073,0.999997
full,30,1,<s>,1,798.841,19.4493,0.00552066,0.995073,0.999997
full,30,2,[INST],0,1.182,6.8505,2.21433,2.03113,0.0547045
full,30,3,▁Write,0,0.810876,2.22188,1.83825,1.5147,-0.0280167
full,30,4,▁a,0,1.20936,1.5557,1.03135,0.349597,0.083705
full,30,5,▁social,0,0.794239,6.38371,3.18116,2.67324,-0.369129
full,30,6,▁media,0,1.75278,19.2517,2.50327,2.17023,-0.128197
full,30,7,▁post,0,1.02872,1.24481,1.08456,0.454487,0.0333242
full,31,0,<s>,1,798.841,19.5563,0.00553584,0.995057,0.999997
full,31,1,<s>,1,798.841,19.5563,0.00553584,0.995057,0.999997
full,31,2,[INST],0,1.18265,6.86101,2.21481,2.03159,0.0546272
full,31,3,▁Write,0,0.810599,2.24809,1.8497,1.52917,-0.0271455
full,31,4,▁a,0,1.20847,1.61669,1.05215,0.408099,0.0729408
full,31,5,▁rub,0,0.802609,1.38023,1.46376,1.10571,0.0361745
full,31,6,ric,0,1.38539,26.0296,3.68265,3.27934,-0.27565
full,31,7,▁for,0,1.20925,54.2394,6.09031,5.51608,-0.51348
full,32,0,<s>,1,798.841,19.5563,0.00553584,0.995057,0.999997
full,32,1,<s>,1,798.841,19.5563,0.00553584,0.995057,0.999997
full,32,2,[INST],0,1.18265,6.86101,2.21481,2.03159,0.0546272
full,32,3,▁Write,0,0.810599,2.24809,1.8497,1.52917,-0.0271455
full,32,4,▁a,0,1.20847,1.61669,1.05215,0.408099,0.0729408
full,32,5,▁r,0,0.78988,2.77539,2.10912,1.91963,0.0616261
full,32,6,iddle,0,1.17195,10.7475,2.79735,2.49266,-0.122727
full,32,7,▁for,0,1.02543,18.1455,4.1541,3.63466,-0.418996
full,33,0,<s>,1,798.837,24.7065,0.00622225,0.994272,0.999997
full,33,1,<s>,1,798.837,24.7065,0.00622225,0.994272,0.999997
full,33,2,[INST],0,1.18733,6.67492,2.17596,1.98989,0.056493
full,33,3,▁Write,0,0.809892,2.21865,1.83915,1.51695,-0.0268114
full,33,4,▁a,0,1.2107,1.68599,1.07249,0.457206,0.0643129
full,33,5,▁template,0,0.788155,6.79634,3.3077,2.8656,-0.301711
full,33,6,▁for,0,1.10721,14.6678,3.45903,2.95147,-0.381791
full,33,7,▁a,0,0.933876,2.87962,1.8171,1.55738,0.0396819
full,34,0,<s>,1,798.84,18.6682,0.00540868,0.995187,0.999997
full,34,1,<s>,1,798.84,18.6682,0.00540868,0.995187,0.999997
full,34,2,[INST],0,1.18278,6.81259,2.20674,2.02278,0.0548552
full,34,3,▁Expl,0,0.840707,3.10406,2.09566,1.77588,-0.0670198
full,34,4,ain,0,1.06365,3.41376,1.73707,1.40874,-0.0116615
full,34,5,▁why,0,1.14134,1.45255,1.05597,0.361754,0.021836
full,34,6,▁people,0,0.93587,1.99352,1.50867,0.94265,-0.205537
full,34,7,▁are,0,0.844562,0.70357,0.993167,0.209182,0.137144
full,35,0,<s>,1,798.841,19.4493,0.00552066,0.995073,0.999997
full,35,1,<s>,1,798.841,19.4493,0.00552066,0.995073,0.999997
full,35,2,[INST],0,1.182,6.8505,2.21433,2.03113,0.0547045
full,35,3,▁Can,0,0.871078,0.745645,0.991309,0.174447,0.136827
full,35,4,▁you,0,1.36397,2.45324,1.14832,0.635933,0.0674291
full,35,5,▁give,0,0.877521,0.972446,1.12376,0.58334,0.0663761
full,35,6,▁me,0,1.2484,5.94985,1.95388,1.66754,-0.011081
full,35,7,▁two,0,0.865603,1.86338,1.577,1.21796,-0.00143912
full,36,0,<s>,1,798.841,19.4493,0.00552066,0.995073,0.999997
full,36,1,<s>,1,798.841,19.4493,0.00552066,0.995073,0.999997
full,36,2,[INST],0,1.182,6.8505,2.21433,2.03113,0.0547045
full,36,3,▁What,0,0.833373,3.46528,2.23372,2.03002,0.0323812
full,36,4,▁happened,0,1.04178,1.4978,1.17477,0.685435,0.0654672
full,36,5,▁when,0,1.02892,4.25882,2.00569,1.72504,-0.0136355
full,36,6,▁the,0,0.739655,0.946213,1.31512,0.949673,0.0907351
full,36,7,▁T,0,0.694727,0.923202,1.38304,1.39566,0.370821
full,37,0,<s>,1,798.841,19.4493,0.00552066,0.995073,0.999997
full,37,1,<s>,1,798.841,19.4493,0.00552066,0.995073,0.999997
full,37,2,[INST],0,1.182,6.8505,2.21433,2.03113,0.0547045
full,37,3,▁What,0,0.833373,3.46528,2.23372,2.03002,0.0323812
full,37,4,▁sent,0,1.06681,5.53022,2.20437,1.77593,-0.198583
full,37,5,iments,0,1.01115,8.86334,2.94431,2.54003,-0.2396
full,37,6,▁existed,0,1.04423,1.26032,1.07509,0.29886,-0.111255
full,37,7,▁in,0,0.873849,2.22526,1.70708,1.08705,-0.336891
full,38,0,<s>,1,798.841,19.4493,0.00552066,0.995073,0.999997
full,38,1,<s>,1,798.841,19.4493,0.00552066,0.995073,0.999997
full,38,2,[INST],0,1.182,6.8505,2.21433,2.03113,0.0547045
full,38,3,▁Write,0,0.810876,2.22188,1.83825,1.5147,-0.0280167
full,38,4,▁an,0,1.16849,1.70132,1.11627,0.545542,0.0472504
full,38,5,▁ad,0,0.886073,8.19324,3.23041,3.13308,0.0607392
full,38,6,▁copy,0,1.13582,4.13559,1.79044,1.41418,-0.0727533
full,38,7,▁for,0,1.09693,28.5484,4.87093,4.29369,-0.499592
full,39,0,<s>,1,798.839,20.0402,0.00560392,0.994984,0.999997
full,39,1,<s>,1,798.839,20.0402,0.00560392,0.994984,0.999997
full,39,2,[INST],0,1.18162,6.88412,2.22049,2.03779,0.0544745
full,39,3,▁Which,0,1.09833,5.70141,2.174,1.88346,-0.0474823
full,39,4,▁one,0,1.36708,2.20302,1.08571,0.445038,0.0216655
full,39,5,▁is,0,1.26988,1.63323,1.00638,0.2287,0.0863775
full,39,6,▁a,0,0.810696,2.44239,1.92774,1.66082,0.0126865
full,39,7,▁better,0,0.978553,1.36599,1.19437,0.652698,-0.000391111
full,40,0,<s>,1,798.841,19.4493,0.00552066,0.995073,0.999997
full,40,1,<s>,1,798.841,19.4493,0.00552066,0.995073,0.999997
full,40,2,[INST],0,1.182,6.8505,2.21433,2.03113,0.0547045
full,40,3,▁Write,0,0.810876,2.22188,1.83825,1.5147,-0.0280167
full,40,4,▁a,0,1.20936,1.5557,1.03135,0.349597,0.083705
full,40,5,▁blog,0,0.859928,0.881055,1.09154,0.562411,0.110995
full,40,6,▁post,0,1.35272,1.8534,1.00641,0.117076,0.00357137
full,40,7,▁about,0,1.06173,4.33915,1.96196,1.71186,0.023711
full,41,0,<s>,1,798.841,19.4493,0.00552066,0.995073,0.999997
full,41,1,<s>,1,798.841,19.4493,0.00552066,0.995073,0.999997
full,41,2,[INST],0,1.182,6.8505,2.21433,2.03113,0.0547045
full,41,3,▁Write,0,0.810876,2.22188,1.83825,1.5147,-0.0280167
full,41,4,▁a,0,1.20936,1.5557,1.03135,0.349597,0.083705
full,41,5,▁poem,0,1.13141,2.50816,1.39977,0.966649,-0.0129056
full,41,6,▁about,0,0.996406,2.46158,1.5746,1.23667,0.0202065
full,41,7,▁two,0,0.74963,1.51186,1.64025,1.31541,0.015165
full,42,0,<s>,1,798.837,24.2842,0.00616885,0.994327,0.999997
full,42,1,<s>,1,798.837,24.2842,0.00616885,0.994327,0.999997
full,42,2,[INST],0,1.18766,6.67441,2.17527,1.98931,0.0566864
full,42,3,▁How,0,0.839512,1.00915,1.19661,0.714504,0.0550381
full,42,4,▁many,0,1.31504,4.10122,1.53999,1.18665,0.0154063
full,42,5,▁feet,0,1.10805,41.1118,5.78659,5.26931,-0.447784
full,42,6,▁off,0,1.14641,1.6948,1.13558,0.509872,-0.0290026
full,42,7,▁the,0,0.798392,2.32729,1.91077,1.61329,-0.014987
full,43,0,<s>,1,798.841,19.4493,0.00552066,0.995073,0.999997
full,43,1,<s>,1,798.841,19.4493,0.00552066,0.995073,0.999997
full,43,2,[INST],0,1.182,6.8505,2.21433,2.03113,0.0547045
full,43,3,▁Write,0,0.810876,2.22188,1.83825,1.5147,-0.0280167
full,43,4,▁an,0,1.16849,1.70132,1.11627,0.545542,0.0472504
full,43,5,▁advertis,0,0.728372,3.11724,2.424,2.26247,0.0537021
full,43,6,ement,0,0.842788,0.78058,1.04831,0.359629,0.042232
full,43,7,▁for,0,1.17506,28.3384,4.53031,3.98571,-0.456356
full,44,0,<s>,1,798.839,17.4393,0.00522764,0.995392,0.999997
full,44,1,<s>,1,798.839,17.4393,0.00522764,0.995392,0.999997
full,44,2,[INST],0,1.18823,6.72188,2.18194,1.99636,0.0562479
full,44,3,▁Write,0,0.810878,2.21598,1.83581,1.51311,-0.0266698
full,44,4,▁a,0,1.21341,1.7133,1.07872,0.472118,0.0627578
full,44,5,▁funny,0,0.969234,7.33376,2.79405,2.61249,0.00351372
full,44,6,▁post,0,1.00458,1.67216,1.28722,0.827474,0.0167803
full,44,7,▁for,0,1.2592,48.6662,5.54011,4.99676,-0.472829
full,45,0,<s>,1,798.841,19.4493,0.00552066,0.995073,0.999997
full,45,1,<s>,1,798.841,19.4493,0.00552066,0.995073,0.999997
full,45,2,[INST],0,1.182,6.8505,2.21433,2.03113,0.0547045
full,45,3,▁Can,0,0.871078,0.745645,0.991309,0.174447,0.136827
full,45,4,▁you,0,1.36397,2.45324,1.14832,0.635933,0.0674291
full,45,5,▁give,0,0.877521,0.972446,1.12376,0.58334,0.0663761
full,45,6,▁me,0,1.2484,5.94985,1.95388,1.66754,-0.011081
full,45,7,▁a,0,0.875071,5.79215,2.75028,2.56602,0.00398446
full,46,0,<s>,1,798.841,19.5563,0.00553584,0.995057,0.999997
full,46,1,<s>,1,798.841,19.5563,0.00553584,0.995057,0.999997
full,46,2,[INST],0,1.18265,6.86101,2.21481,2.03159,0.0546272
full,46,3,▁Write,0,0.810599,2.24809,1.8497,1.52917,-0.0271455
full,46,4,▁me,0,1.30354,1.92698,1.06491,0.364749,-0.00136726
full,46,5,▁a,0,0.900137,3.84243,2.17768,1.95556,0.0209494
full,46,6,▁template,0,0.814774,6.27301,3.07398,2.63305,-0.287949
full,46,7,▁for,0,1.10127,7.64157,2.51014,2.0034,-0.321259
full,47,0,<s>,1,798.839,17.4393,0.00522764,0.995392,0.999997
full,47,1,<s>,1,798.839,17.4393,0.00522764,0.995392,0.999997
full,47,2,[INST],0,1.18823,6.72188,2.18194,1.99636,0.0562479
full,47,3,"▁""",0,0.982271,3.8995,2.01036,1.73943,-0.00457544
full,47,4,The,0,0.706266,0.484104,0.985147,0.361484,0.221524
full,47,5,▁man,0,1.12803,9.51932,2.73517,2.19138,-0.383092
full,47,6,▁was,0,0.785392,6.17768,3.16465,3.02307,0.0204931
full,47,7,▁arrested,0,0.929144,18.4955,4.6286,4.14159,-0.394917
full,48,0,<s>,1,798.841,19.5563,0.00553584,0.995057,0.999997
full,48,1,<s>,1,798.841,19.5563,0.00553584,0.995057,0.999997
full,48,2,[INST],0,1.18265,6.86101,2.21481,2.03159,0.0546272
full,48,3,▁Write,0,0.810599,2.24809,1.8497,1.52917,-0.0271455
full,48,4,▁a,0,1.20847,1.61669,1.05215,0.408099,0.0729408
full,48,5,▁poem,0,1.13348,2.4691,1.3863,0.948286,-0.0119041
full,48,6,▁that,0,1.64221,185.802,8.30036,8.16941,-0.0707898
full,48,7,',0,0.65482,0.683587,1.26263,0.799381,0.0280102
full,49,0,<s>,1,798.841,19.4493,0.00552066,0.995073,0.999997
full,49,1,<s>,1,798.841,19.4493,0.00552066,0.995073,0.999997
full,49,2,[INST],0,1.182,6.8505,2.21433,2.03113,0.0547045
full,49,3,▁I,0,0.830184,14.6445,4.60959,4.40695,-0.0938435
full,49,4,▁have,0,0.840247,3.19728,2.12806,1.89586,0.0173148
full,49,5,▁a,0,1.13879,1.7563,1.16373,0.632929,0.0365952
full,49,6,▁d,0,0.830388,4.82716,2.64585,2.48762,0.037732
full,49,7,ime,0,1.12237,2.70872,1.46638,0.880123,-0.213405
full,50,0,<s>,1,798.841,19.5563,0.00553584,0.995057,0.999997
full,50,1,<s>,1,798.841,19.5563,0.00553584,0.995057,0.999997
full,50,2,[INST],0,1.18265,6.86101,2.21481,2.03159,0.0546272
full,50,3,▁Write,0,0.810599,2.24809,1.8497,1.52917,-0.0271455
full,50,4,▁a,0,1.20847,1.61669,1.05215,0.408099,0.0729408
full,50,5,▁ha,0,0.928774,1.20513,1.18197,0.704303,0.0702752
full,50,6,iku,0,1.46184,2.24377,1.02468,0.237475,0.0135175
full,50,7,▁about,0,0.927042,1.01345,1.08593,0.380567,-0.0452124
full,51,0,<s>,1,798.841,19.4493,0.00552066,0.995073,0.999997
full,51,1,<s>,1,798.841,19.4493,0.00552066,0.995073,0.999997
full,51,2,[INST],0,1.182,6.8505,2.21433,2.03113,0.0547045
full,51,3,▁Can,0,0.871078,0.745645,0.991309,0.174447,0.136827
full,51,4,▁you,0,1.36397,2.45324,1.14832,0.635933,0.0674291
full,51,5,▁elaborate,0,1.4979,3.17603,1.18976,0.631325,-0.0134355
full,51,6,▁on,0,1.28635,7.41317,2.11661,1.64282,-0.23776
full,51,7,▁the,0,0.82569,2.06886,1.742,1.44078,0.0143201
full,52,0,<s>,1,798.841,19.4493,0.00552066,0.995073,0.999997
full,52,1,<s>,1,798.841,19.4493,0.00552066,0.995073,0.999997
full,52,2,[INST],0,1.182,6.8505,2.21433,2.03113,0.0547045
full,52,3,▁Write,0,0.810876,2.22188,1.83825,1.5147,-0.0280167
full,52,4,▁an,0,1.16849,1.70132,1.11627,0.545542,0.0472504
full,52,5,▁essay,0,0.937043,3.87629,2.10111,1.69073,-0.164454
full,52,6,▁about,0,1.08085,1.46854,1.12119,0.53977,0.0317649
full,52,7,▁how,0,0.961429,3.10558,1.83296,1.55767,0.0213681
full,53,0,<s>,1,798.841,19.4493,0.00552066,0.995073,0.999997
full,53,1,<s>,1,798.841,19.4493,0.00552066,0.995073,0.999997
full,53,2,[INST],0,1.182,6.8505,2.21433,2.03113,0.0547045
full,53,3,▁Can,0,0.871078,0.745645,0.991309,0.174447,0.136827
full,53,4,▁you,0,1.36397,2.45324,1.14832,0.635933,0.0674291
full,53,5,▁give,0,0.877521,0.972446,1.12376,0.58334,0.0663761
full,53,6,▁me,0,1.2484,5.94985,1.95388,1.66754,-0.011081
full,53,7,▁an,0,0.86081,5.06103,2.61344,2.41781,0.00325773
full,54,0,<s>,1,798.837,24.2842,0.00616885,0.994327,0.999997
full,54,1,<s>,1,798.837,24.2842,0.00616885,0.994327,0.999997
full,54,2,[INST],0,1.18766,6.67441,2.17527,1.98931,0.0566864
full,54,3,▁Take,0,0.954414,26.3622,5.37965,5.09888,-0.190446
full,54,4,▁the,0,1.18927,4.26596,1.73671,1.40621,-0.0137704
full,54,5,▁text,0,0.821299,0.677582,1.00226,0.0962083,0.024603
full,54,6,▁below,0,1.09633,3.03817,1.58989,1.21136,-0.0249119
full,54,7,▁as,0,0.815968,3.48027,2.2863,2.07482,0.0187229
full,55,0,<s>,1,798.839,18.3954,0.00536902,0.995249,0.999997
full,55,1,<s>,1,798.839,18.3954,0.00536902,0.995249,0.999997
full,55,2,[INST],0,1.1873,6.67449,2.17594,1.99006,0.0566843
full,55,3,▁Write,0,0.810012,2.31817,1.87967,1.56331,-0.0285375
full,55,4,▁a,0,1.20638,1.65951,1.06784,0.446333,0.0660239
full,55,5,▁lim,0,0.876357,10.9334,3.77309,3.62567,-0.012515
full,55,6,er,0,1.39375,2.846,1.21041,0.676482,-0.0055092
full,55,7,ick,0,1.72347,3.09179,1.02024,0.222275,0.019154
full,56,0,<s>,1,798.84,25.8888,0.00636936,0.994154,0.999997
full,56,1,<s>,1,798.84,25.8888,0.00636936,0.994154,0.999997
full,56,2,[INST],0,1.18179,6.80519,2.2074,2.02339,0.0547322
full,56,3,▁What,0,0.831717,3.42726,2.22586,2.02217,0.0333085
full,56,4,▁is,0,1.28424,2.55379,1.24436,0.803775,0.0607252
full,56,5,▁the,0,1.1287,3.93845,1.75826,1.44087,-0.00534142
full,56,6,▁difference,0,1.03824,2.28188,1.45495,1.06898,0.0120864
full,56,7,▁between,0,1.52717,2.32537,0.998523,0.121468,0.0728818
full,57,0,<s>,1,798.839,20.1712,0.0056222,0.994962,0.999997
full,57,1,<s>,1,798.839,20.1712,0.0056222,0.994962,0.999997
full,57,2,[INST],0,1.18106,6.81145,2.20977,2.02604,0.0547249
full,57,3,▁How,0,0.839331,1.02072,1.2037,0.725212,0.0531098
full,57,4,▁did,0,1.0653,1.93915,1.30718,0.855255,0.0132959
full,57,5,▁a,0,1.22105,2.64685,1.33239,0.892402,0.0118302
full,57,6,▁man,0,0.915426,1.51751,1.34568,0.782994,-0.126295
full,57,7,▁named,0,1.07016,2.41128,1.45102,1.04058,-0.0108809
full,58,0,<s>,1,798.841,19.4493,0.00552066,0.995073,0.999997
full,58,1,<s>,1,798.841,19.4493,0.00552066,0.995073,0.999997
full,58,2,[INST],0,1.182,6.8505,2.21433,2.03113,0.0547045
full,58,3,▁What,0,0.833373,3.46528,2.23372,2.03002,0.0323812
full,58,4,▁is,0,1.2865,2.56415,1.24469,0.803922,0.0603542
full,58,5,▁the,0,1.12596,3.95108,1.76536,1.44965,-0.00518464
full,58,6,▁history,0,0.838242,1.46676,1.44481,0.879791,-0.178134
full,58,7,▁of,0,1.26793,20.1074,3.53659,3.03016,-0.383734
full,59,0,<s>,1,798.837,24.7065,0.00622225,0.994272,0.999997
full,59,1,<s>,1,798.837,24.7065,0.00622225,0.994272,0.999997
full,59,2,[INST],0,1.18733,6.67492,2.17596,1.98989,0.056493
full,59,3,▁Write,0,0.809892,2.21865,1.83915,1.51695,-0.0268114
full,59,4,▁a,0,1.2107,1.68599,1.07249,0.457206,0.0643129
full,59,5,▁short,0,0.845011,0.789125,1.05126,0.217189,-0.133477
full,59,6,▁proposal,0,1.06145,17.7201,3.96583,3.50499,-0.348487
full,59,7,▁for,0,1.26746,42.5895,5.14895,4.58407,-0.490615
full,60,0,<s>,1,798.841,19.4493,0.00552066,0.995073,0.999997
full,60,1,<s>,1,798.841,19.4493,0.00552066,0.995073,0.999997
full,60,2,[INST],0,1.182,6.8505,2.21433,2.03113,0.0547045
full,60,3,▁List,0,0.841272,0.892117,1.12273,0.543591,0.0321691
full,60,4,▁exactly,0,0.952909,3.25529,1.8934,1.48307,-0.129963
full,60,5,▁,0,5.63288,647.182,4.5163,5.41738,0.918435
full,60,6,1,0,0.705115,1.66664,1.83088,1.52883,-0.00484346
full,60,7,0,0,0.839788,1.58706,1.50012,1.03139,-0.0904656
full,61,0,<s>,1,798.841,19.4493,0.00552066,0.995073,0.999997
full,61,1,<s>,1,798.841,19.4493,0.00552066,0.995073,0.999997
full,61,2,[INST],0,1.182,6.8505,2.21433,2.03113,0.0547045
full,61,3,▁Write,0,0.810876,2.22188,1.83825,1.5147,-0.0280167
full,61,4,▁an,0,1.16849,1.70132,1.11627,0.545542,0.0472504
full,61,5,▁outline,0,1.22756,17.2841,3.38674,2.91185,-0.341905
full,61,6,▁for,0,1.27405,67.315,6.43975,5.94437,-0.431907
full,61,7,▁a,0,0.95376,3.2201,1.88146,1.62653,0.0324869
full,62,0,<s>,1,798.84,25.8888,0.00636936,0.994154,0.999997
full,62,1,<s>,1,798.84,25.8888,0.00636936,0.994154,0.999997
full,62,2,[INST],0,1.18179,6.80519,2.2074,2.02339,0.0547322
full,62,3,▁Which,0,1.09785,5.3702,2.11082,1.81526,-0.0441775
full,62,4,▁of,0,1.49123,23.2388,3.23268,2.88991,-0.190079
full,62,5,▁the,0,0.986001,2.36389,1.55932,1.24311,0.0457859
full,62,6,▁following,0,1.4173,2.40469,1.09412,0.450442,0.00642818
full,62,7,▁is,0,1.15307,1.39506,1.02433,0.237713,0.0152446
full,63,0,<s>,1,798.841,19.4493,0.00552066,0.995073,0.999997
full,63,1,<s>,1,798.841,19.4493,0.00552066,0.995073,0.999997
full,63,2,[INST],0,1.182,6.8505,2.21433,2.03113,0.0547045
full,63,3,▁What,0,0.833373,3.46528,2.23372,2.03002,0.0323812
full,63,4,▁are,0,1.50618,2.37171,1.02248,0.301772,0.0755689
full,63,5,▁the,0,1.18207,3.57058,1.59854,1.23669,-0.0104913
full,63,6,▁pros,0,0.856351,3.55871,2.2029,2.06643,0.100985
full,63,7,▁and,0,11.4096,412.156,1.77935,2.74642,0.978859
sink_removed,0,0,<s>,1,798.839,911656,1.19524,0.224636,-0.841682
sink_removed,0,1,<s>,1,798.839,911656,1.19524,0.224636,-0.841682
sink_removed,0,2,[INST],0,1.1873,0.623101,0.664841,0.518824,0.797153
sink_removed,0,3,▁Write,0,0.810012,0.621808,0.973502,0.233207,0.228724
sink_removed,0,4,▁a,0,1.20638,1.30644,0.947457,0.176814,0.377765
sink_removed,0,5,▁,0,34.6283,250.327,0.456902,0.547566,0.99629
sink_removed,0,6,3,0,0.769042,0.504109,0.923235,0.222392,0.443124
sink_removed,0,7,0,0,0.914215,0.769692,0.959644,0.125559,0.377707
sink_removed,1,0,<s>,1,798.841,911473,1.19512,0.224623,-0.841089
sink_removed,1,1,<s>,1,798.841,911473,1.19512,0.224623,-0.841089
sink_removed,1,2,[INST],0,1.182,0.612818,0.662289,0.515132,0.802448
sink_removed,1,3,▁I,0,0.830184,1.75305,1.59486,1.25938,0.0168586
sink_removed,1,4,▁am,0,0.867862,0.66773,0.941564,0.21151,0.373965
sink_removed,1,5,▁planning,0,1.02301,0.980401,0.967884,0.174946,0.268102
sink_removed,1,6,▁a,0,1.09974,1.06927,0.940271,0.219939,0.373432
sink_removed,1,7,▁trip,0,0.871465,0.792247,1.02136,0.214751,0.0068338
sink_removed,2,0,<s>,1,798.841,911473,1.19512,0.224623,-0.841089
sink_removed,2,1,<s>,1,798.841,911473,1.19512,0.224623,-0.841089
sink_removed,2,2,[INST],0,1.182,0.612818,0.662289,0.515132,0.802448
sink_removed,2,3,▁Write,0,0.810876,0.622263,0.97282,0.229856,0.231568
sink_removed,2,4,▁a,0,1.20936,1.31412,0.947901,0.178741,0.373253
sink_removed,2,5,▁resume,0,1.3034,1.74669,1.01398,0.200845,0.0303348
sink_removed,2,6,▁for,0,1.00182,2.29882,1.51344,0.852394,-0.330786
sink_removed,2,7,▁a,0,0.940732,0.788137,0.943702,0.168464,0.40901
sink_removed,3,0,<s>,1,798.837,912518,1.19581,0.225141,-0.842308
sink_removed,3,1,<s>,1,798.837,912518,1.19581,0.225141,-0.842308
sink_removed,3,2,[INST],0,1.18766,0.623601,0.664906,0.51888,0.79704
sink_removed,3,3,▁Write,0,0.809749,0.621612,0.973665,0.233489,0.22805
sink_removed,3,4,▁an,0,1.16752,1.22913,0.949588,0.172086,0.371603
sink_removed,3,5,▁email,0,0.926756,0.852333,0.996184,0.100481,0.0881479
sink_removed,3,6,▁to,0,1.31899,2.90128,1.29138,0.654506,-0.18279
sink_removed,3,7,▁my,0,0.867977,0.657229,0.934007,0.179499,0.445268
sink_removed,4,0,<s>,1,798.841,911473,1.19512,0.224623,-0.841089
sink_removed,4,1,<s>,1,798.841,911473,1.19512,0.224623,-0.841089
sink_removed,4,2,[INST],0,1.182,0.612818,0.662289,0.515132,0.802448
sink_removed,4,3,▁Given,0,0.873692,0.765389,1.00134,0.323668,0.157682
sink_removed,4,4,▁the,0,0.988753,0.907772,0.963608,0.308353,0.270048
sink_removed,4,5,▁sentence,0,0.95495,0.935531,1.01286,0.172524,0.0112594
sink_removed,4,6,"▁""",0,1.00864,1.02621,1.00434,0.273044,0.120577
sink_removed,4,7,Two,0,0.773136,0.619738,1.01824,0.314736,0.0988994
sink_removed,5,0,<s>,1,798.837,912276,1.19565,0.224998,-0.842146
sink_removed,5,1,<s>,1,798.837,912276,1.19565,0.224998,-0.842146
sink_removed,5,2,[INST],0,1.18733,0.624059,0.665337,0.519503,0.796155
sink_removed,5,3,▁Write,0,0.809892,0.620915,0.972947,0.231959,0.231031
sink_removed,5,4,▁a,0,1.2107,1.31556,0.94737,0.176044,0.379112
sink_removed,5,5,▁dialogue,0,0.811822,0.801203,1.10258,0.334773,-0.154747
sink_removed,5,6,▁between,0,1.01839,1.01474,0.989156,0.151499,0.146939
sink_removed,5,7,▁two,0,0.81387,0.621535,0.968674,0.163767,0.270169
sink_removed,6,0,<s>,1,798.841,911473,1.19512,0.224623,-0.841089
sink_removed,6,1,<s>,1,798.841,911473,1.19512,0.224623,-0.841089
sink_removed,6,2,[INST],0,1.182,0.612818,0.662289,0.515132,0.802448
sink_removed,6,3,▁Write,0,0.810876,0.622263,0.97282,0.229856,0.231568
sink_removed,6,4,▁a,0,1.20936,1.31412,0.947901,0.178741,0.373253
sink_removed,6,5,▁,0,34.6207,251.512,0.458082,0.546274,0.996364
sink_removed,6,6,2,0,0.66452,0.381883,0.929944,0.329585,0.369906
sink_removed,6,7,▁paragraph,0,1.06195,1.11437,0.994054,0.131734,0.11087
sink_removed,7,0,<s>,1,798.841,911473,1.19512,0.224623,-0.841089
sink_removed,7,1,<s>,1,798.841,911473,1.19512,0.224623,-0.841089
sink_removed,7,2,[INST],0,1.182,0.612818,0.662289,0.515132,0.802448
sink_removed,7,3,▁Write,0,0.810876,0.622263,0.97282,0.229856,0.231568
sink_removed,7,4,▁me,0,1.30297,1.63495,0.981337,0.100469,0.234261
sink_removed,7,5,▁a,0,0.901886,0.726195,0.944877,0.165621,0.406465
sink_removed,7,6,▁resume,0,1.29906,1.70284,1.00452,0.154597,0.0480104
sink_removed,7,7,▁for,0,0.928559,1.46359,1.30287,0.607554,-0.270214
sink_removed,8,0,<s>,1,798.841,911474,1.19512,0.224624,-0.841089
sink_removed,8,1,<s>,1,798.841,911474,1.19512,0.224624,-0.841089
sink_removed,8,2,[INST],0,1.18265,0.6129,0.661969,0.514623,0.803145
sink_removed,8,3,▁Write,0,0.810599,0.622459,0.973306,0.232201,0.229527
sink_removed,8,4,▁a,0,1.20847,1.31139,0.947608,0.177189,0.376531
sink_removed,8,5,▁letter,0,0.86973,0.785416,1.01898,0.214226,0.0176767
sink_removed,8,6,▁to,0,1.51329,4.68224,1.4299,0.70262,-0.392053
sink_removed,8,7,▁a,0,0.926528,0.775911,0.950709,0.151418,0.393215
sink_removed,9,0,<s>,1,798.841,911473,1.19512,0.224623,-0.841089
sink_removed,9,1,<s>,1,798.841,911473,1.19512,0.224623,-0.841089
sink_removed,9,2,[INST],0,1.182,0.612818,0.662289,0.515132,0.802448
sink_removed,9,3,▁Write,0,0.810876,0.622263,0.97282,0.229856,0.231568
sink_removed,9,4,▁a,0,1.20936,1.31412,0.947901,0.178741,0.373253
sink_removed,9,5,▁long,0,0.987703,0.927217,0.97491,0.149786,0.240297
sink_removed,9,6,▁email,0,0.950059,0.906045,1.0019,0.143967,0.0587772
sink_removed,9,7,▁template,0,1.00865,1.29584,1.12859,0.366667,-0.1899
sink_removed,10,0,<s>,1,798.841,911474,1.19512,0.224624,-0.841089
sink_removed,10,1,<s>,1,798.841,911474,1.19512,0.224624,-0.841089
sink_removed,10,2,[INST],0,1.18265,0.6129,0.661969,0.514623,0.803145
sink_removed,10,3,▁Write,0,0.810599,0.622459,0.973306,0.232201,0.229527
sink_removed,10,4,▁a,0,1.20847,1.31139,0.947608,0.177189,0.376531
sink_removed,10,5,▁blog,0,0.85959,0.726237,0.991397,0.0856159,0.142862
sink_removed,10,6,▁post,0,1.34619,1.81241,1.00005,0.131832,0.065532
sink_removed,10,7,▁with,0,1.14989,2.52767,1.38262,0.637806,-0.395762
sink_removed,11,0,<s>,1,798.841,911473,1.19512,0.224623,-0.841089
sink_removed,11,1,<s>,1,798.841,911473,1.19512,0.224623,-0.841089
sink_removed,11,2,[INST],0,1.182,0.612818,0.662289,0.515132,0.802448
sink_removed,11,3,▁Can,0,0.871078,0.729755,0.98069,0.320131,0.219804
sink_removed,11,4,▁you,0,1.36397,1.83844,0.994075,0.379837,0.205471
sink_removed,11,5,▁help,0,1.08453,1.13874,0.983943,0.236615,0.185622
sink_removed,11,6,▁me,0,1.35491,1.65658,0.949941,0.129346,0.442001
sink_removed,11,7,▁make,0,0.827941,0.651196,0.974668,0.337082,0.242741
sink_removed,12,0,<s>,1,798.841,911473,1.19512,0.224623,-0.841089
sink_removed,12,1,<s>,1,798.841,911473,1.19512,0.224623,-0.841089
sink_removed,12,2,[INST],0,1.182,0.612818,0.662289,0.515132,0.802448
sink_removed,12,3,▁Write,0,0.810876,0.622263,0.97282,0.229856,0.231568
sink_removed,12,4,▁a,0,1.20936,1.31412,0.947901,0.178741,0.373253
sink_removed,12,5,▁story,0,0.942665,0.891251,1.00148,0.124214,0.0501769
sink_removed,12,6,▁of,0,1.27378,1.62315,1.00019,0.142104,0.069705
sink_removed,12,7,▁exactly,0,0.877724,0.745649,0.983805,0.145593,0.183129
sink_removed,13,0,<s>,1,798.841,911473,1.19512,0.224623,-0.841089
sink_removed,13,1,<s>,1,798.841,911473,1.19512,0.224623,-0.841089
sink_removed,13,2,[INST],0,1.182,0.612818,0.662289,0.515132,0.802448
sink_removed,13,3,▁Write,0,0.810876,0.622263,0.97282,0.229856,0.231568
sink_removed,13,4,▁a,0,1.20936,1.31412,0.947901,0.178741,0.373253
sink_removed,13,5,▁detailed,0,0.944615,0.920869,1.01588,0.189853,0.0105949
sink_removed,13,6,▁review,0,0.876882,0.778268,1.00606,0.175917,0.0534099
sink_removed,13,7,▁of,0,1.34309,4.27063,1.53865,0.86737,-0.354591
sink_removed,14,0,<s>,1,798.841,911474,1.19512,0.224624,-0.841089
sink_removed,14,1,<s>,1,798.841,911474,1.19512,0.224624,-0.841089
sink_removed,14,2,[INST],0,1.18265,0.6129,0.661969,0.514623,0.803145
sink_removed,14,3,▁Write,0,0.810599,0.622459,0.973306,0.232201,0.229527
sink_removed,14,4,▁a,0,1.20847,1.31139,0.947608,0.177189,0.376531
sink_removed,14,5,▁short,0,0.844046,0.789915,1.05299,0.283084,-0.050604
sink_removed,14,6,▁blog,0,1.00224,1.04526,1.0201,0.191365,-0.010381
sink_removed,14,7,▁post,0,1.30643,1.7064,0.999892,0.124938,0.0633299
sink_removed,15,0,<s>,1,798.841,911473,1.19512,0.224623,-0.841089
sink_removed,15,1,<s>,1,798.841,911473,1.19512,0.224623,-0.841089
sink_removed,15,2,[INST],0,1.182,0.612818,0.662289,0.515132,0.802448
sink_removed,15,3,▁Please,0,0.877935,1.30322,1.30031,0.799569,-0.032201
sink_removed,15,4,▁provide,0,0.964978,0.91633,0.991992,0.215987,0.144919
sink_removed,15,5,▁the,0,1.01595,0.948518,0.958625,0.284549,0.284673
sink_removed,15,6,▁names,0,0.915923,0.821554,0.989599,0.096582,0.155425
sink_removed,15,7,▁of,0,1.3249,2.41916,1.17395,0.458455,-0.183201
sink_removed,16,0,<s>,1,798.841,911473,1.19512,0.224623,-0.841089
sink_removed,16,1,<s>,1,798.841,911473,1.19512,0.224623,-0.841089
sink_removed,16,2,[INST],0,1.182,0.612818,0.662289,0.515132,0.802448
sink_removed,16,3,▁What,0,0.833373,0.798434,1.07221,0.603916,0.178071
sink_removed,16,4,▁is,0,1.2865,1.60969,0.986189,0.366083,0.220506
sink_removed,16,5,▁a,0,1.20216,1.34888,0.966102,0.12698,0.325921
sink_removed,16,6,▁name,0,0.969717,1.00566,1.03414,0.297336,0.0318799
sink_removed,16,7,▁that,0,1.0165,1.29984,1.1216,0.376244,-0.15471
sink_removed,17,0,<s>,1,798.841,911473,1.19512,0.224623,-0.841089
sink_removed,17,1,<s>,1,798.841,911473,1.19512,0.224623,-0.841089
sink_removed,17,2,[INST],0,1.182,0.612818,0.662289,0.515132,0.802448
sink_removed,17,3,▁Write,0,0.810876,0.622263,0.97282,0.229856,0.231568
sink_removed,17,4,▁two,0,0.949121,0.83841,0.964731,0.152959,0.302989
sink_removed,17,5,▁jokes,0,1.17526,4.15124,1.73362,1.04295,-0.439949
sink_removed,17,6,▁about,0,0.900682,0.799444,0.99271,0.187788,0.132573
sink_removed,17,7,▁rock,0,0.760342,0.607806,1.02535,0.181488,-0.0507236
sink_removed,18,0,<s>,1,798.841,911474,1.19512,0.224624,-0.841089
sink_removed,18,1,<s>,1,798.841,911474,1.19512,0.224624,-0.841089
sink_removed,18,2,[INST],0,1.18265,0.6129,0.661969,0.514623,0.803145
sink_removed,18,3,▁Are,0,0.926351,0.843427,0.991399,0.356566,0.202302
sink_removed,18,4,▁h,0,0.770735,0.565507,0.975694,0.179437,0.223527
sink_removed,18,5,amb,0,1.13647,1.50616,1.07989,0.314168,-0.107365
sink_removed,18,6,urg,0,1.28163,1.64637,1.00116,0.164818,0.0753865
sink_removed,18,7,ers,0,1.48218,2.8299,1.13497,0.394676,-0.167711
sink_removed,19,0,<s>,1,798.841,911473,1.19512,0.224623,-0.841089
sink_removed,19,1,<s>,1,798.841,911473,1.19512,0.224623,-0.841089
sink_removed,19,2,[INST],0,1.182,0.612818,0.662289,0.515132,0.802448
sink_removed,19,3,▁make,0,0.884427,0.782224,1.00001,0.375496,0.187725
sink_removed,19,4,▁a,0,1.15077,1.17613,0.942408,0.223925,0.36175
sink_removed,19,5,▁twe,0,0.762929,0.585964,1.00335,0.128414,0.0380966
sink_removed,19,6,et,0,0.910369,1.00275,1.09996,0.385583,-0.0794196
sink_removed,19,7,▁for,0,1.13268,3.8534,1.73307,1.01044,-0.486196
sink_removed,20,0,<s>,1,798.841,911473,1.19512,0.224623,-0.841089
sink_removed,20,1,<s>,1,798.841,911473,1.19512,0.224623,-0.841089
sink_removed,20,2,[INST],0,1.182,0.612818,0.662289,0.515132,0.802448
sink_removed,20,3,▁Write,0,0.810876,0.622263,0.97282,0.229856,0.231568
sink_removed,20,4,▁a,0,1.20936,1.31412,0.947901,0.178741,0.373253
sink_removed,20,5,▁poem,0,1.13141,1.26315,0.993361,0.09041,0.118396
sink_removed,20,6,▁about,0,0.996406,0.980813,0.993933,0.17973,0.123521
sink_removed,20,7,▁how,0,0.950346,0.877091,0.985463,0.14388,0.17224
sink_removed,21,0,<s>,1,798.841,911473,1.19512,0.224623,-0.841089
sink_removed,21,1,<s>,1,798.841,911473,1.19512,0.224623,-0.841089
sink_removed,21,2,[INST],0,1.182,0.612818,0.662289,0.515132,0.802448
sink_removed,21,3,▁Given,0,0.873692,0.765389,1.00134,0.323668,0.157682
sink_removed,21,4,▁the,0,0.988753,0.907772,0.963608,0.308353,0.270048
sink_removed,21,5,▁sentence,0,0.95495,0.935531,1.01286,0.172524,0.0112594
sink_removed,21,6,"▁""",0,1.00864,1.02621,1.00434,0.273044,0.120577
sink_removed,21,7,It,0,0.74624,0.50511,0.952389,0.160247,0.37016
sink_removed,22,0,<s>,1,798.839,911656,1.19524,0.224636,-0.841682
sink_removed,22,1,<s>,1,798.839,911656,1.19524,0.224636,-0.841682
sink_removed,22,2,[INST],0,1.1873,0.623101,0.664841,0.518824,0.797153
sink_removed,22,3,▁Write,0,0.810012,0.621808,0.973502,0.233207,0.228724
sink_removed,22,4,▁a,0,1.20638,1.30644,0.947457,0.176814,0.377765
sink_removed,22,5,▁short,0,0.84363,0.786067,1.05094,0.279471,-0.0471768
sink_removed,22,6,▁startup,0,0.972564,1.21663,1.13412,0.464587,-0.0757628
sink_removed,22,7,▁pitch,0,0.89306,0.778922,0.988249,0.185169,0.155672
sink_removed,23,0,<s>,1,798.841,911474,1.19512,0.224624,-0.841089
sink_removed,23,1,<s>,1,798.841,911474,1.19512,0.224624,-0.841089
sink_removed,23,2,[INST],0,1.18265,0.6129,0.661969,0.514623,0.803145
sink_removed,23,3,▁Write,0,0.810599,0.622459,0.973306,0.232201,0.229527
sink_removed,23,4,▁a,0,1.20847,1.31139,0.947608,0.177189,0.376531
sink_removed,23,5,▁logic,0,0.99366,0.971933,0.992157,0.105548,0.126788
sink_removed,23,6,▁qu,0,0.975759,0.974112,1.01149,0.239481,0.0714837
sink_removed,23,7,iz,0,1.51332,2.30242,1.00268,0.146732,0.0550837
sink_removed,24,0,<s>,1,798.841,911474,1.19512,0.224624,-0.841089
sink_removed,24,1,<s>,1,798.841,911474,1.19512,0.224624,-0.841089
sink_removed,24,2,[INST],0,1.18265,0.6129,0.661969,0.514623,0.803145
sink_removed,24,3,▁Write,0,0.810599,0.622459,0.973306,0.232201,0.229527
sink_removed,24,4,▁a,0,1.20847,1.31139,0.947608,0.177189,0.376531
sink_removed,24,5,▁,0,34.6264,244.529,0.451603,0.552803,0.996418
sink_removed,24,6,4,0,0.763138,0.512373,0.937973,0.188205,0.413454
sink_removed,24,7,▁section,0,1.00946,1.01087,0.996001,0.128718,0.0953686
sink_removed,25,0,<s>,1,798.841,911473,1.19512,0.224623,-0.841089
sink_removed,25,1,<s>,1,798.841,911473,1.19512,0.224623,-0.841089
sink_removed,25,2,[INST],0,1.182,0.612818,0.662289,0.515132,0.802448
sink_removed,25,3,▁Write,0,0.810876,0.622263,0.97282,0.229856,0.231568
sink_removed,25,4,▁the,0,1.18408,1.28029,0.955596,0.192172,0.322018
sink_removed,25,5,▁lyrics,0,0.901713,0.968599,1.09145,0.30252,-0.164856
sink_removed,25,6,▁to,0,1.13664,2.68567,1.4418,0.688691,-0.43886
sink_removed,25,7,▁a,0,0.794482,0.552835,0.935866,0.17162,0.447523
sink_removed,26,0,<s>,1,798.841,911473,1.19512,0.224623,-0.841089
sink_removed,26,1,<s>,1,798.841,911473,1.19512,0.224623,-0.841089
sink_removed,26,2,[INST],0,1.182,0.612818,0.662289,0.515132,0.802448
sink_removed,26,3,▁Expl,0,0.841605,1.02092,1.20057,0.727527,0.060433
sink_removed,26,4,ain,0,1.06772,1.29455,1.06562,0.414712,0.043935
sink_removed,26,5,▁in,0,1.33382,9.05156,2.25561,1.71329,-0.336318
sink_removed,26,6,▁French,0,1.01381,1.85333,1.34283,0.763483,-0.144266
sink_removed,26,7,▁why,0,0.867337,0.74656,0.996196,0.169004,0.106969
sink_removed,27,0,<s>,1,798.839,911586,1.1952,0.224614,-0.84154
sink_removed,27,1,<s>,1,798.839,911586,1.1952,0.224614,-0.84154
sink_removed,27,2,[INST],0,1.18106,0.612027,0.662389,0.515535,0.802096
sink_removed,27,3,▁Write,0,0.810378,0.621404,0.972746,0.230487,0.231879
sink_removed,27,4,▁a,0,1.20993,1.31493,0.947742,0.177531,0.375432
sink_removed,27,5,▁funny,0,0.966136,0.978507,1.02387,0.296352,0.0666782
sink_removed,27,6,▁ha,0,1.03599,1.0529,0.990464,0.147153,0.138071
sink_removed,27,7,iku,0,1.49117,2.25595,1.00725,0.15328,0.0291779
sink_removed,28,0,<s>,1,798.837,912518,1.19581,0.225141,-0.842308
sink_removed,28,1,<s>,1,798.837,912518,1.19581,0.225141,-0.842308
sink_removed,28,2,[INST],0,1.18766,0.623601,0.664906,0.51888,0.79704
sink_removed,28,3,▁R,0,0.782842,1.4923,1.56046,1.26214,0.0625706
sink_removed,28,4,ew,0,1.49334,6.19816,1.66714,1.05578,-0.314796
sink_removed,28,5,rite,0,3.8818,5.35347,0.596053,0.640093,0.823661
sink_removed,28,6,▁the,0,1.02442,0.957547,0.955215,0.254966,0.2992
sink_removed,28,7,▁following,0,0.924682,0.828582,0.984409,0.153376,0.177551
sink_removed,29,0,<s>,1,798.841,911473,1.19512,0.224623,-0.841089
sink_removed,29,1,<s>,1,798.841,911473,1.19512,0.224623,-0.841089
sink_removed,29,2,[INST],0,1.182,0.612818,0.662289,0.515132,0.802448
sink_removed,29,3,▁What,0,0.833373,0.798434,1.07221,0.603916,0.178071
sink_removed,29,4,▁are,0,1.50618,2.21184,0.987415,0.268611,0.180862
sink_removed,29,5,▁the,0,1.18207,1.30139,0.965069,0.191244,0.275084
sink_removed,29,6,▁advantages,0,1.14381,5.46954,2.04466,1.43284,-0.393484
sink_removed,29,7,▁and,0,2.32853,4.21791,0.881995,0.831523,0.549302
sink_removed,30,0,<s>,1,798.841,911473,1.19512,0.224623,-0.841089
sink_removed,30,1,<s>,1,798.841,911473,1.19512,0.224623,-0.841089
sink_removed,30,2,[INST],0,1.182,0.612818,0.662289,0.515132,0.802448
sink_removed,30,3,▁Write,0,0.810876,0.622263,0.97282,0.229856,0.231568
sink_removed,30,4,▁a,0,1.20936,1.31412,0.947901,0.178741,0.373253
sink_removed,30,5,▁social,0,0.794239,1.0563,1.29402,0.608254,-0.250324
sink_removed,30,6,▁media,0,1.75278,3.22116,1.02395,0.199424,-0.0218306
sink_removed,30,7,▁post,0,1.02872,1.14399,1.03971,0.279407,-0.00523219
sink_removed,31,0,<s>,1,798.841,911474,1.19512,0.224624,-0.841089
sink_removed,31,1,<s>,1,798.841,911474,1.19512,0.224624,-0.841089
sink_removed,31,2,[INST],0,1.18265,0.6129,0.661969,0.514623,0.803145
sink_removed,31,3,▁Write,0,0.810599,0.622459,0.973306,0.232201,0.229527
sink_removed,31,4,▁a,0,1.20847,1.31139,0.947608,0.177189,0.376531
sink_removed,31,5,▁rub,0,0.802609,0.643261,0.999285,0.118009,0.0650625
sink_removed,31,6,ric,0,1.38539,4.23615,1.48564,0.86566,-0.264393
sink_removed,31,7,▁for,0,1.20925,4.75072,1.80245,1.09009,-0.48643
sink_removed,32,0,<s>,1,798.841,911474,1.19512,0.224624,-0.841089
sink_removed,32,1,<s>,1,798.841,911474,1.19512,0.224624,-0.841089
sink_removed,32,2,[INST],0,1.18265,0.6129,0.661969,0.514623,0.803145
sink_removed,32,3,▁Write,0,0.810599,0.622459,0.973306,0.232201,0.229527
sink_removed,32,4,▁a,0,1.20847,1.31139,0.947608,0.177189,0.376531
sink_removed,32,5,▁r,0,0.78988,0.610614,0.989287,0.206105,0.154754
sink_removed,32,6,iddle,0,1.17195,1.88587,1.17179,0.526481,-0.0910761
sink_removed,32,7,▁for,0,1.02543,1.98893,1.37532,0.649935,-0.360867
sink_removed,33,0,<s>,1,798.837,912276,1.19565,0.224998,-0.842146
sink_removed,33,1,<s>,1,798.837,912276,1.19565,0.224998,-0.842146
sink_removed,33,2,[INST],0,1.18733,0.624059,0.665337,0.519503,0.796155
sink_removed,33,3,▁Write,0,0.809892,0.620915,0.972947,0.231959,0.231031
sink_removed,33,4,▁a,0,1.2107,1.31556,0.94737,0.176044,0.379112
sink_removed,33,5,▁template,0,0.788155,0.766276,1.11066,0.333634,-0.183211
sink_removed,33,6,▁for,0,1.10721,2.37288,1.39126,0.700651,-0.317345
sink_removed,33,7,▁a,0,0.933876,0.78453,0.948452,0.173781,0.375872
sink_removed,34,0,<s>,1,798.84,911781,1.19532,0.224725,-0.841694
sink_removed,34,1,<s>,1,798.84,911781,1.19532,0.224725,-0.841694
sink_removed,34,2,[INST],0,1.18278,0.612083,0.661456,0.514092,0.804103
sink_removed,34,3,▁Expl,0,0.840707,1.01606,1.19899,0.725829,0.0614796
sink_removed,34,4,ain,0,1.06365,1.28624,1.06626,0.41647,0.0438741
sink_removed,34,5,▁why,0,1.14134,1.24039,0.975805,0.138926,0.241512
sink_removed,34,6,▁people,0,0.93587,0.965254,1.0498,0.306752,-0.0129995
sink_removed,34,7,▁are,0,0.844562,0.774714,1.04217,0.523056,0.179203
sink_removed,35,0,<s>,1,798.841,911473,1.19512,0.224623,-0.841089
sink_removed,35,1,<s>,1,798.841,911473,1.19512,0.224623,-0.841089
sink_removed,35,2,[INST],0,1.182,0.612818,0.662289,0.515132,0.802448
sink_removed,35,3,▁Can,0,0.871078,0.729755,0.98069,0.320131,0.219804
sink_removed,35,4,▁you,0,1.36397,1.83844,0.994075,0.379837,0.205471
sink_removed,35,5,▁give,0,0.877521,0.814697,1.02859,0.411161,0.135061
sink_removed,35,6,▁me,0,1.2484,1.46677,0.970122,0.133737,0.286942
sink_removed,35,7,▁two,0,0.865603,0.692198,0.961162,0.13804,0.344909
sink_removed,36,0,<s>,1,798.841,911473,1.19512,0.224623,-0.841089
sink_removed,36,1,<s>,1,798.841,911473,1.19512,0.224623,-0.841089
sink_removed,36,2,[INST],0,1.182,0.612818,0.662289,0.515132,0.802448
sink_removed,36,3,▁What,0,0.833373,0.798434,1.07221,0.603916,0.178071
sink_removed,36,4,▁happened,0,1.04178,1.14861,1.02875,0.372502,0.10796
sink_removed,36,5,▁when,0,1.02892,1.0486,0.995231,0.15997,0.109725
sink_removed,36,6,▁the,0,0.739655,0.485755,0.942279,0.223015,0.362857
sink_removed,36,7,▁T,0,0.694727,0.539842,1.05759,0.245897,-0.118015
sink_removed,37,0,<s>,1,798.841,911473,1.19512,0.224623,-0.841089
sink_removed,37,1,<s>,1,798.841,911473,1.19512,0.224623,-0.841089
sink_removed,37,2,[INST],0,1.182,0.612818,0.662289,0.515132,0.802448
sink_removed,37,3,▁What,0,0.833373,0.798434,1.07221,0.603916,0.178071
sink_removed,37,4,▁sent,0,1.06681,1.60996,1.18938,0.525746,-0.131451
sink_removed,37,5,iments,0,1.01115,1.99379,1.39644,0.780031,-0.218972
sink_removed,37,6,▁existed,0,1.04423,1.25546,1.07301,0.324563,-0.0708867
sink_removed,37,7,▁in,0,0.873849,1.94683,1.59671,0.984908,-0.294166
sink_removed,38,0,<s>,1,798.841,911473,1.19512,0.224623,-0.841089
sink_removed,38,1,<s>,1,798.841,911473,1.19512,0.224623,-0.841089
sink_removed,38,2,[INST],0,1.182,0.612818,0.662289,0.515132,0.802448
sink_removed,38,3,▁Write,0,0.810876,0.622263,0.97282,0.229856,0.231568
sink_removed,38,4,▁an,0,1.16849,1.23112,0.949569,0.171721,0.372134
sink_removed,38,5,▁ad,0,0.886073,0.88385,1.06101,0.382396,0.0267825
sink_removed,38,6,▁copy,0,1.13582,1.34267,1.02017,0.210792,0.00872031
sink_removed,38,7,▁for,0,1.09693,3.92274,1.80558,1.10125,-0.475534
sink_removed,39,0,<s>,1,798.839,911617,1.19522,0.224632,-0.841562
sink_removed,39,1,<s>,1,798.839,911617,1.19522,0.224632,-0.841562
sink_removed,39,2,[INST],0,1.18162,0.61223,0.662187,0.515049,0.802626
sink_removed,39,3,▁Which,0,1.09833,1.64421,1.16747,0.629177,0.0261204
sink_removed,39,4,▁one,0,1.36708,1.85234,0.995557,0.204406,0.123889
sink_removed,39,5,▁is,0,1.26988,1.60209,0.996738,0.265322,0.144935
sink_removed,39,6,▁a,0,0.810696,0.570133,0.931387,0.198349,0.433229
sink_removed,39,7,▁better,0,0.978553,0.917215,0.978704,0.123978,0.23193
sink_removed,40,0,<s>,1,798.841,911473,1.19512,0.224623,-0.841089
sink_removed,40,1,<s>,1,798.841,911473,1.19512,0.224623,-0.841089
sink_removed,40,2,[INST],0,1.182,0.612818,0.662289,0.515132,0.802448
sink_removed,40,3,▁Write,0,0.810876,0.622263,0.97282,0.229856,0.231568
sink_removed,40,4,▁a,0,1.20936,1.31412,0.947901,0.178741,0.373253
sink_removed,40,5,▁blog,0,0.859928,0.726874,0.991442,0.0854027,0.142486
sink_removed,40,6,▁post,0,1.35272,1.82954,0.999917,0.129589,0.065437
sink_removed,40,7,▁about,0,1.06173,1.09521,0.98568,0.163843,0.168699
sink_removed,41,0,<s>,1,798.841,911473,1.19512,0.224623,-0.841089
sink_removed,41,1,<s>,1,798.841,911473,1.19512,0.224623,-0.841089
sink_removed,41,2,[INST],0,1.182,0.612818,0.662289,0.515132,0.802448
sink_removed,41,3,▁Write,0,0.810876,0.622263,0.97282,0.229856,0.231568
sink_removed,41,4,▁a,0,1.20936,1.31412,0.947901,0.178741,0.373253
sink_removed,41,5,▁poem,0,1.13141,1.26315,0.993361,0.09041,0.118396
sink_removed,41,6,▁about,0,0.996406,0.980813,0.993933,0.17973,0.123521
sink_removed,41,7,▁two,0,0.74963,0.530058,0.971214,0.187074,0.245199
sink_removed,42,0,<s>,1,798.837,912518,1.19581,0.225141,-0.842308
sink_removed,42,1,<s>,1,798.837,912518,1.19581,0.225141,-0.842308
sink_removed,42,2,[INST],0,1.18766,0.623601,0.664906,0.51888,0.79704
sink_removed,42,3,▁How,0,0.839512,0.858052,1.10339,0.621605,0.135872
sink_removed,42,4,▁many,0,1.31504,1.81537,1.02458,0.341569,0.097949
sink_removed,42,5,▁feet,0,1.10805,3.33555,1.64825,0.963979,-0.408451
sink_removed,42,6,▁off,0,1.14641,1.36775,1.02015,0.230866,0.0272925
sink_removed,42,7,▁the,0,0.798392,0.584051,0.957214,0.24763,0.292901
sink_removed,43,0,<s>,1,798.841,911473,1.19512,0.224623,-0.841089
sink_removed,43,1,<s>,1,798.841,911473,1.19512,0.224623,-0.841089
sink_removed,43,2,[INST],0,1.182,0.612818,0.662289,0.515132,0.802448
sink_removed,43,3,▁Write,0,0.810876,0.622263,0.97282,0.229856,0.231568
sink_removed,43,4,▁an,0,1.16849,1.23112,0.949569,0.171721,0.372134
sink_removed,43,5,▁advertis,0,0.728372,0.590489,1.055,0.258798,-0.0889679
sink_removed,43,6,ement,0,0.842788,0.72772,1.01219,0.274362,0.0924645
sink_removed,43,7,▁for,0,1.17506,3.8055,1.66014,0.960342,-0.434128
sink_removed,44,0,<s>,1,798.839,911711,1.19528,0.224662,-0.841748
sink_removed,44,1,<s>,1,798.839,911711,1.19528,0.224662,-0.841748
sink_removed,44,2,[INST],0,1.18823,0.625949,0.665836,0.520032,0.795236
sink_removed,44,3,▁Write,0,0.810878,0.622347,0.972884,0.231294,0.231295
sink_removed,44,4,▁a,0,1.21341,1.32146,0.947368,0.175427,0.379838
sink_removed,44,5,▁funny,0,0.969234,0.983821,1.02336,0.295422,0.067706
sink_removed,44,6,▁post,0,1.00458,1.04698,1.01855,0.213634,0.0191576
sink_removed,44,7,▁for,0,1.2592,4.50191,1.68501,0.981053,-0.446871
sink_removed,45,0,<s>,1,798.841,911473,1.19512,0.224623,-0.841089
sink_removed,45,1,<s>,1,798.841,911473,1.19512,0.224623,-0.841089
sink_removed,45,2,[INST],0,1.182,0.612818,0.662289,0.515132,0.802448
sink_removed,45,3,▁Can,0,0.871078,0.729755,0.98069,0.320131,0.219804
sink_removed,45,4,▁you,0,1.36397,1.83844,0.994075,0.379837,0.205471
sink_removed,45,5,▁give,0,0.877521,0.814697,1.02859,0.411161,0.135061
sink_removed,45,6,▁me,0,1.2484,1.46677,0.970122,0.133737,0.286942
sink_removed,45,7,▁a,0,0.875071,0.648089,0.91997,0.207121,0.474491
sink_removed,46,0,<s>,1,798.841,911474,1.19512,0.224624,-0.841089
sink_removed,46,1,<s>,1,798.841,911474,1.19512,0.224624,-0.841089
sink_removed,46,2,[INST],0,1.18265,0.6129,0.661969,0.514623,0.803145
sink_removed,46,3,▁Write,0,0.810599,0.622459,0.973306,0.232201,0.229527
sink_removed,46,4,▁me,0,1.30354,1.63606,0.981241,0.100405,0.235284
sink_removed,46,5,▁a,0,0.900137,0.72326,0.944798,0.16623,0.406032
sink_removed,46,6,▁template,0,0.814774,0.771708,1.07817,0.270266,-0.165424
sink_removed,46,7,▁for,0,1.10127,1.691,1.18081,0.444006,-0.222025
sink_removed,47,0,<s>,1,798.839,911711,1.19528,0.224662,-0.841748
sink_removed,47,1,<s>,1,798.839,911711,1.19528,0.224662,-0.841748
sink_removed,47,2,[INST],0,1.18823,0.625949,0.665836,0.520032,0.795236
sink_removed,47,3,"▁""",0,0.982271,1.47198,1.23515,0.801482,0.0728524
sink_removed,47,4,The,0,0.706266,0.485034,0.986092,0.538031,0.294684
sink_removed,47,5,▁man,0,1.12803,2.95528,1.52398,0.857821,-0.341954
sink_removed,47,6,▁was,0,0.785392,0.751168,1.10352,0.641892,0.151317
sink_removed,47,7,▁arrested,0,0.929144,2.23421,1.60871,1.01122,-0.279565
sink_removed,48,0,<s>,1,798.841,911474,1.19512,0.224624,-0.841089
sink_removed,48,1,<s>,1,798.841,911474,1.19512,0.224624,-0.841089
sink_removed,48,2,[INST],0,1.18265,0.6129,0.661969,0.514623,0.803145
sink_removed,48,3,▁Write,0,0.810599,0.622459,0.973306,0.232201,0.229527
sink_removed,48,4,▁a,0,1.20847,1.31139,0.947608,0.177189,0.376531
sink_removed,48,5,▁poem,0,1.13348,1.26777,0.993363,0.0901542,0.118452
sink_removed,48,6,▁that,0,1.64221,4.75462,1.32779,0.915043,0.0405851
sink_removed,48,7,',0,0.65482,0.461871,1.03786,0.436859,0.130125
sink_removed,49,0,<s>,1,798.841,911473,1.19512,0.224623,-0.841089
sink_removed,49,1,<s>,1,798.841,911473,1.19512,0.224623,-0.841089
sink_removed,49,2,[INST],0,1.182,0.612818,0.662289,0.515132,0.802448
sink_removed,49,3,▁I,0,0.830184,1.75305,1.59486,1.25938,0.0168586
sink_removed,49,4,▁have,0,0.840247,0.797465,1.06279,0.614061,0.201561
sink_removed,49,5,▁a,0,1.13879,1.07974,0.912462,0.217575,0.493513
sink_removed,49,6,▁d,0,0.830388,0.660448,0.978674,0.169769,0.209163
sink_removed,49,7,ime,0,1.12237,1.49587,1.08971,0.277816,-0.198482
sink_removed,50,0,<s>,1,798.841,911474,1.19512,0.224624,-0.841089
sink_removed,50,1,<s>,1,798.841,911474,1.19512,0.224624,-0.841089
sink_removed,50,2,[INST],0,1.18265,0.6129,0.661969,0.514623,0.803145
sink_removed,50,3,▁Write,0,0.810599,0.622459,0.973306,0.232201,0.229527
sink_removed,50,4,▁a,0,1.20847,1.31139,0.947608,0.177189,0.376531
sink_removed,50,5,▁ha,0,0.928774,0.834358,0.983481,0.13777,0.187797
sink_removed,50,6,iku,0,1.46184,2.13688,0.999978,0.141714,0.0710122
sink_removed,50,7,▁about,0,0.927042,0.8423,0.989997,0.15312,0.14156
sink_removed,51,0,<s>,1,798.841,911473,1.19512,0.224623,-0.841089
sink_removed,51,1,<s>,1,798.841,911473,1.19512,0.224623,-0.841089
sink_removed,51,2,[INST],0,1.182,0.612818,0.662289,0.515132,0.802448
sink_removed,51,3,▁Can,0,0.871078,0.729755,0.98069,0.320131,0.219804
sink_removed,51,4,▁you,0,1.36397,1.83844,0.994075,0.379837,0.205471
sink_removed,51,5,▁elaborate,0,1.4979,2.2427,0.99978,0.18277,0.0925907
sink_removed,51,6,▁on,0,1.28635,3.24343,1.40004,0.788335,-0.214788
sink_removed,51,7,▁the,0,0.82569,0.567629,0.912463,0.22774,0.481418
sink_removed,52,0,<s>,1,798.841,911473,1.19512,0.224623,-0.841089
sink_removed,52,1,<s>,1,798.841,911473,1.19512,0.224623,-0.841089
sink_removed,52,2,[INST],0,1.182,0.612818,0.662289,0.515132,0.802448
sink_removed,52,3,▁Write,0,0.810876,0.622263,0.97282,0.229856,0.231568
sink_removed,52,4,▁an,0,1.16849,1.23112,0.949569,0.171721,0.372134
sink_removed,52,5,▁essay,0,0.937043,0.839104,0.977572,0.164959,0.216918
sink_removed,52,6,▁about,0,1.08085,1.12959,0.983323,0.121789,0.19669
sink_removed,52,7,▁how,0,0.961429,0.880915,0.976224,0.120214,0.255536
sink_removed,53,0,<s>,1,798.841,911473,1.19512,0.224623,-0.841089
sink_removed,53,1,<s>,1,798.841,911473,1.19512,0.224623,-0.841089
sink_removed,53,2,[INST],0,1.182,0.612818,0.662289,0.515132,0.802448
sink_removed,53,3,▁Can,0,0.871078,0.729755,0.98069,0.320131,0.219804
sink_removed,53,4,▁you,0,1.36397,1.83844,0.994075,0.379837,0.205471
sink_removed,53,5,▁give,0,0.877521,0.814697,1.02859,0.411161,0.135061
sink_removed,53,6,▁me,0,1.2484,1.46677,0.970122,0.133737,0.286942
sink_removed,53,7,▁an,0,0.86081,0.639192,0.928771,0.197012,0.447178
sink_removed,54,0,<s>,1,798.837,912518,1.19581,0.225141,-0.842308
sink_removed,54,1,<s>,1,798.837,912518,1.19581,0.225141,-0.842308
sink_removed,54,2,[INST],0,1.18766,0.623601,0.664906,0.51888,0.79704
sink_removed,54,3,▁Take,0,0.954414,2.27563,1.58057,1.10145,-0.129378
sink_removed,54,4,▁the,0,1.18927,1.41141,0.998954,0.370579,0.18811
sink_removed,54,5,▁text,0,0.821299,0.675214,1.00051,0.138863,0.0657908
sink_removed,54,6,▁below,0,1.09633,1.1639,0.984053,0.120145,0.191743
sink_removed,54,7,▁as,0,0.815968,0.632299,0.974515,0.13749,0.251744
sink_removed,55,0,<s>,1,798.839,911656,1.19524,0.224636,-0.841682
sink_removed,55,1,<s>,1,798.839,911656,1.19524,0.224636,-0.841682
sink_removed,55,2,[INST],0,1.1873,0.623101,0.664841,0.518824,0.797153
sink_removed,55,3,▁Write,0,0.810012,0.621808,0.973502,0.233207,0.228724
sink_removed,55,4,▁a,0,1.20638,1.30644,0.947457,0.176814,0.377765
sink_removed,55,5,▁lim,0,0.876357,0.852484,1.05357,0.361246,0.0283697
sink_removed,55,6,er,0,1.39375,1.91584,0.993101,0.0828635,0.124402
sink_removed,55,7,ick,0,1.72347,2.95914,0.998114,0.161087,0.0922374
sink_removed,56,0,<s>,1,798.84,911347,1.19504,0.224571,-0.840906
sink_removed,56,1,<s>,1,798.84,911347,1.19504,0.224571,-0.840906
sink_removed,56,2,[INST],0,1.18179,0.610905,0.661375,0.513941,0.804293
sink_removed,56,3,▁What,0,0.831717,0.792733,1.0705,0.601915,0.179698
sink_removed,56,4,▁is,0,1.28424,1.60368,0.986083,0.366327,0.22089
sink_removed,56,5,▁the,0,1.1287,1.14848,0.949475,0.180141,0.363457
sink_removed,56,6,▁difference,0,1.03824,1.04979,0.98685,0.0975801,0.182665
sink_removed,56,7,▁between,0,1.52717,2.2448,0.981074,0.102446,0.234218
sink_removed,57,0,<s>,1,798.839,911586,1.1952,0.224614,-0.84154
sink_removed,57,1,<s>,1,798.839,911586,1.1952,0.224614,-0.84154
sink_removed,57,2,[INST],0,1.18106,0.612027,0.662389,0.515535,0.802096
sink_removed,57,3,▁How,0,0.839331,0.855125,1.10175,0.617226,0.135382
sink_removed,57,4,▁did,0,1.0653,1.32389,1.08008,0.52861,0.106751
sink_removed,57,5,▁a,0,1.22105,1.41738,0.975013,0.13356,0.251524
sink_removed,57,6,▁man,0,0.915426,0.889232,1.03011,0.276578,0.0277785
sink_removed,57,7,▁named,0,1.07016,1.19222,1.0203,0.270319,0.059308
sink_removed,58,0,<s>,1,798.841,911473,1.19512,0.224623,-0.841089
sink_removed,58,1,<s>,1,798.841,911473,1.19512,0.224623,-0.841089
sink_removed,58,2,[INST],0,1.182,0.612818,0.662289,0.515132,0.802448
sink_removed,58,3,▁What,0,0.833373,0.798434,1.07221,0.603916,0.178071
sink_removed,58,4,▁is,0,1.2865,1.60969,0.986189,0.366083,0.220506
sink_removed,58,5,▁the,0,1.12596,1.14215,0.949156,0.180139,0.365144
sink_removed,58,6,▁history,0,0.838242,0.774994,1.05022,0.253874,-0.0758414
sink_removed,58,7,▁of,0,1.26793,2.74794,1.30741,0.572417,-0.333365
sink_removed,59,0,<s>,1,798.837,912276,1.19565,0.224998,-0.842146
sink_removed,59,1,<s>,1,798.837,912276,1.19565,0.224998,-0.842146
sink_removed,59,2,[INST],0,1.18733,0.624059,0.665337,0.519503,0.796155
sink_removed,59,3,▁Write,0,0.809892,0.620915,0.972947,0.231959,0.231031
sink_removed,59,4,▁a,0,1.2107,1.31556,0.94737,0.176044,0.379112
sink_removed,59,5,▁short,0,0.845011,0.789794,1.05171,0.280852,-0.0484411
sink_removed,59,6,▁proposal,0,1.06145,1.98998,1.329,0.620164,-0.307694
sink_removed,59,7,▁for,0,1.26746,3.57262,1.49129,0.749787,-0.441294
sink_removed,60,0,<s>,1,798.841,911473,1.19512,0.224623,-0.841089
sink_removed,60,1,<s>,1,798.841,911473,1.19512,0.224623,-0.841089
sink_removed,60,2,[INST],0,1.182,0.612818,0.662289,0.515132,0.802448
sink_removed,60,3,▁List,0,0.841272,0.719063,1.00797,0.27615,0.109104
sink_removed,60,4,▁exactly,0,0.952909,1.03864,1.0695,0.300649,-0.0888731
sink_removed,60,5,▁,0,5.63288,21.3214,0.819743,1.68598,0.940269
sink_removed,60,6,1,0,0.705115,0.456965,0.958698,0.336875,0.28851
sink_removed,60,7,0,0,0.839788,0.635769,0.949467,0.148595,0.405777
sink_removed,61,0,<s>,1,798.841,911473,1.19512,0.224623,-0.841089
sink_removed,61,1,<s>,1,798.841,911473,1.19512,0.224623,-0.841089
sink_removed,61,2,[INST],0,1.182,0.612818,0.662289,0.515132,0.802448
sink_removed,61,3,▁Write,0,0.810876,0.622263,0.97282,0.229856,0.231568
sink_removed,61,4,▁an,0,1.16849,1.23112,0.949569,0.171721,0.372134
sink_removed,61,5,▁outline,0,1.22756,1.54242,1.01172,0.175223,0.0203429
sink_removed,61,6,▁for,0,1.27405,5.39348,1.82284,1.16878,-0.409271
sink_removed,61,7,▁a,0,0.95376,0.821108,0.950082,0.198349,0.344559
sink_removed,62,0,<s>,1,798.84,911347,1.19504,0.224571,-0.840906
sink_removed,62,1,<s>,1,798.84,911347,1.19504,0.224571,-0.840906
sink_removed,62,2,[INST],0,1.18179,0.610905,0.661375,0.513941,0.804293
sink_removed,62,3,▁Which,0,1.09785,1.63029,1.16302,0.623853,0.0293105
sink_removed,62,4,▁of,0,1.49123,3.84901,1.31562,0.749191,-0.113168
sink_removed,62,5,▁the,0,0.986001,0.915685,0.9705,0.387269,0.268685
sink_removed,62,6,▁following,0,1.4173,1.98591,0.994299,0.134554,0.109527
sink_removed,62,7,▁is,0,1.15307,1.32268,0.997406,0.24021,0.13089
sink_removed,63,0,<s>,1,798.841,911473,1.19512,0.224623,-0.841089
sink_removed,63,1,<s>,1,798.841,911473,1.19512,0.224623,-0.841089
sink_removed,63,2,[INST],0,1.182,0.612818,0.662289,0.515132,0.802448
sink_removed,63,3,▁What,0,0.833373,0.798434,1.07221,0.603916,0.178071
sink_removed,63,4,▁are,0,1.50618,2.21184,0.987415,0.268611,0.180862
sink_removed,63,5,▁the,0,1.18207,1.30139,0.965069,0.191244,0.275084
sink_removed,63,6,▁pros,0,0.856351,0.712661,0.985802,0.178627,0.168232
sink_removed,63,7,▁and,0,11.4096,126.83,0.987058,0.26656,0.181517
